-- phpMyAdmin SQL Dump
-- version 5.2.0
-- https://www.phpmyadmin.net/
--
-- Host: 127.0.0.1
-- Waktu pembuatan: 26 Jul 2023 pada 07.21
-- Versi server: 10.4.25-MariaDB
-- Versi PHP: 7.4.33

SET SQL_MODE = "NO_AUTO_VALUE_ON_ZERO";
START TRANSACTION;
SET time_zone = "+00:00";


/*!40101 SET @OLD_CHARACTER_SET_CLIENT=@@CHARACTER_SET_CLIENT */;
/*!40101 SET @OLD_CHARACTER_SET_RESULTS=@@CHARACTER_SET_RESULTS */;
/*!40101 SET @OLD_COLLATION_CONNECTION=@@COLLATION_CONNECTION */;
/*!40101 SET NAMES utf8mb4 */;

--
-- Database: `db_reham`
--

-- --------------------------------------------------------

--
-- Struktur dari tabel `ci_sessions`
--

CREATE TABLE `ci_sessions` (
  `id` varchar(128) NOT NULL,
  `ip_address` varchar(45) NOT NULL,
  `timestamp` int(10) UNSIGNED NOT NULL DEFAULT 0,
  `data` blob NOT NULL
) ENGINE=InnoDB DEFAULT CHARSET=latin1;

--
-- Dumping data untuk tabel `ci_sessions`
--

INSERT INTO `ci_sessions` (`id`, `ip_address`, `timestamp`, `data`) VALUES
('02c59hhecuu567ar0jonm7j60a5kk1bb', '::1', 1689903980, 0x5f5f63695f6c6173745f726567656e65726174657c693a313638393930333938303b69645f70656e6767756e617c733a313a2231223b757365726e616d657c733a353a2261646d696e223b70617373776f72647c733a33323a223031393230323361376262643733323530353136663036396466313862353030223b68616b5f616b7365737c733a353a2261646d696e223b),
('1bvdik4akav2gqch74insebq5irba3ej', '::1', 1689919560, 0x5f5f63695f6c6173745f726567656e65726174657c693a313638393931393536303b69645f70656e6767756e617c733a313a2231223b757365726e616d657c733a353a2261646d696e223b70617373776f72647c733a33323a223031393230323361376262643733323530353136663036396466313862353030223b68616b5f616b7365737c733a353a2261646d696e223b),
('1ckdtqqk47vv915lgosdgralkq83p2op', '::1', 1690008564, 0x5f5f63695f6c6173745f726567656e65726174657c693a313639303030383536343b69645f70656e6767756e617c733a313a2231223b757365726e616d657c733a353a2261646d696e223b70617373776f72647c733a33323a223031393230323361376262643733323530353136663036396466313862353030223b68616b5f616b7365737c733a353a2261646d696e223b),
('1om6a6c9pos2db4k4kh3cfe9lpqp8lgg', '::1', 1690272139, 0x5f5f63695f6c6173745f726567656e65726174657c693a313639303237323035373b69645f70656c616e6767616e7c733a323a223130223b757365726e616d657c733a343a2273617361223b70617373776f72647c733a33323a223666303935313364626232323666396264333430323136623732666235643632223b6e616d615f6c656e676b61707c733a343a2273617361223b6e6f5f746c707c733a31323a22303831323334353637383930223b68616b5f616b7365737c733a393a2270656c616e6767616e223b),
('2fj9tfk1n3m9jvrjlbgpb9rlv5u3o706', '::1', 1680998460, 0x5f5f63695f6c6173745f726567656e65726174657c693a313638303939383430363b69645f70656e6767756e617c733a313a2231223b757365726e616d657c733a353a2261646d696e223b70617373776f72647c733a33323a223031393230323361376262643733323530353136663036396466313862353030223b68616b5f616b7365737c733a353a2261646d696e223b),
('2npni54ibsv51qi4uh6mhddeo8rp0v29', '::1', 1690021893, 0x5f5f63695f6c6173745f726567656e65726174657c693a313639303032313839333b69645f70656e6767756e617c733a313a2231223b757365726e616d657c733a353a2261646d696e223b70617373776f72647c733a33323a223031393230323361376262643733323530353136663036396466313862353030223b68616b5f616b7365737c733a353a2261646d696e223b),
('3iqm1kv2rmtr91cpirollg3kakddrrbs', '::1', 1680995152, 0x5f5f63695f6c6173745f726567656e65726174657c693a313638303939353135323b69645f70656e6767756e617c733a313a2231223b757365726e616d657c733a343a2275736572223b70617373776f72647c733a33323a226565313163626231393035326534306230376161633063613036306332336565223b68616b5f616b7365737c733a353a2261646d696e223b69645f70656c616e6767616e7c733a313a2237223b6e616d615f6c656e676b61707c733a343a2275736572223b6e6f5f746c707c733a31313a223039383031323339313233223b),
('41h4vva1k62fggm419uf8nilt2n5c62j', '::1', 1690018725, 0x5f5f63695f6c6173745f726567656e65726174657c693a313639303031383732353b69645f70656e6767756e617c733a313a2231223b757365726e616d657c733a353a2261646d696e223b70617373776f72647c733a33323a223031393230323361376262643733323530353136663036396466313862353030223b68616b5f616b7365737c733a353a2261646d696e223b),
('4glu1bs1t2h14mi1qeh99knmrgk0ml8t', '::1', 1690263869, 0x5f5f63695f6c6173745f726567656e65726174657c693a313639303236333739363b69645f70656e6767756e617c733a313a2231223b757365726e616d657c733a353a2261646d696e223b70617373776f72647c733a33323a223031393230323361376262643733323530353136663036396466313862353030223b68616b5f616b7365737c733a353a2261646d696e223b5f5f63695f766172737c613a313a7b733a353a22666c617368223b733a333a226f6c64223b7d),
('4jdbimo7iei244i9qteo0ugd92gngnat', '::1', 1690263163, 0x5f5f63695f6c6173745f726567656e65726174657c693a313639303236333136333b69645f70656c616e6767616e7c733a323a223130223b757365726e616d657c733a343a2273617361223b70617373776f72647c733a33323a223666303935313364626232323666396264333430323136623732666235643632223b6e616d615f6c656e676b61707c733a343a2273617361223b6e6f5f746c707c733a31323a22303831323334353637383930223b68616b5f616b7365737c733a393a2270656c616e6767616e223b5f5f63695f766172737c613a313a7b733a31303a2270656d6261796172616e223b733a333a226f6c64223b7d),
('5h297du4vhocb02uap7943s80uiraggn', '::1', 1689910649, 0x5f5f63695f6c6173745f726567656e65726174657c693a313638393931303634393b),
('6cffm1qh033du3f2rt5l0sdo8m4s356v', '::1', 1689921991, 0x5f5f63695f6c6173745f726567656e65726174657c693a313638393932313939313b69645f70656e6767756e617c733a313a2231223b757365726e616d657c733a353a2261646d696e223b70617373776f72647c733a33323a223031393230323361376262643733323530353136663036396466313862353030223b68616b5f616b7365737c733a353a2261646d696e223b),
('6d8v8smlmf1s8a116v5bg5tqqlsnfpdg', '::1', 1690115023, 0x5f5f63695f6c6173745f726567656e65726174657c693a313639303131353032333b),
('6sk11rsoqpqt3ol6a9uppvdq2q85tvpg', '::1', 1690019433, 0x5f5f63695f6c6173745f726567656e65726174657c693a313639303031393433333b69645f70656e6767756e617c733a313a2231223b757365726e616d657c733a353a2261646d696e223b70617373776f72647c733a33323a223031393230323361376262643733323530353136663036396466313862353030223b68616b5f616b7365737c733a353a2261646d696e223b),
('7hhgie9e2gd1oai4odlnikvbcfdgg9qt', '::1', 1689919250, 0x5f5f63695f6c6173745f726567656e65726174657c693a313638393931393235303b69645f70656e6767756e617c733a313a2231223b757365726e616d657c733a353a2261646d696e223b70617373776f72647c733a33323a223031393230323361376262643733323530353136663036396466313862353030223b68616b5f616b7365737c733a353a2261646d696e223b),
('7qdbcjuj6vb4jjft3cu4vbrksfupfhms', '::1', 1690114776, 0x5f5f63695f6c6173745f726567656e65726174657c693a313639303131343737363b69645f70656e6767756e617c733a313a2231223b757365726e616d657c733a353a2261646d696e223b70617373776f72647c733a33323a223031393230323361376262643733323530353136663036396466313862353030223b68616b5f616b7365737c733a353a2261646d696e223b),
('8ci5sm51kntd3dlo8sjkc2v5ratndm1h', '::1', 1680995906, 0x5f5f63695f6c6173745f726567656e65726174657c693a313638303939353930363b69645f70656e6767756e617c733a313a2232223b757365726e616d657c733a343a2275736572223b68616b5f616b7365737c733a373a226d616e61676572223b6c6f676765645f696e7c623a313b69645f70656c616e6767616e7c733a313a2237223b70617373776f72647c733a33323a226565313163626231393035326534306230376161633063613036306332336565223b6e616d615f6c656e676b61707c733a343a2275736572223b6e6f5f746c707c733a31313a223039383031323339313233223b),
('8i281ldud7egq17kbiol1dkav547ooc9', '::1', 1689919862, 0x5f5f63695f6c6173745f726567656e65726174657c693a313638393931393836323b69645f70656e6767756e617c733a313a2231223b757365726e616d657c733a353a2261646d696e223b70617373776f72647c733a33323a223031393230323361376262643733323530353136663036396466313862353030223b68616b5f616b7365737c733a353a2261646d696e223b),
('8rs29s1072orfpd9449jdrllnr5q454u', '::1', 1690018284, 0x5f5f63695f6c6173745f726567656e65726174657c693a313639303031383238343b69645f70656e6767756e617c733a313a2231223b757365726e616d657c733a353a2261646d696e223b70617373776f72647c733a33323a223031393230323361376262643733323530353136663036396466313862353030223b68616b5f616b7365737c733a353a2261646d696e223b),
('9pvm53oq1v5vt5ohb6aoslnkhtgcbprq', '::1', 1689920211, 0x5f5f63695f6c6173745f726567656e65726174657c693a313638393932303231313b69645f70656e6767756e617c733a313a2231223b757365726e616d657c733a353a2261646d696e223b70617373776f72647c733a33323a223031393230323361376262643733323530353136663036396466313862353030223b68616b5f616b7365737c733a353a2261646d696e223b5f5f63695f766172737c613a313a7b733a353a22666c617368223b733a333a226f6c64223b7d),
('9vkc96fkokto8319n8ioo6q71jge86ps', '::1', 1690262306, 0x5f5f63695f6c6173745f726567656e65726174657c693a313639303236323330363b69645f70656e6767756e617c733a313a2231223b757365726e616d657c733a353a2261646d696e223b70617373776f72647c733a33323a223031393230323361376262643733323530353136663036396466313862353030223b68616b5f616b7365737c733a353a2261646d696e223b),
('ashlc7imrvt82v5oo01clttc29hshtmc', '::1', 1690008596, 0x5f5f63695f6c6173745f726567656e65726174657c693a313639303030383536343b69645f70656e6767756e617c733a313a2231223b757365726e616d657c733a353a2261646d696e223b70617373776f72647c733a33323a223031393230323361376262643733323530353136663036396466313862353030223b68616b5f616b7365737c733a353a2261646d696e223b),
('ctfjhtmu7mdg3teldmj6ov23kt6pi70n', '::1', 1690259321, 0x5f5f63695f6c6173745f726567656e65726174657c693a313639303235393332313b),
('dc60e3f0rr10gageogftb72fntc1l6bu', '::1', 1680998406, 0x5f5f63695f6c6173745f726567656e65726174657c693a313638303939383430363b),
('e8jpjv5pujg1joiu8bd2esfuv2bmibpg', '::1', 1690263796, 0x5f5f63695f6c6173745f726567656e65726174657c693a313639303236333739363b),
('eu764kag502gcgvmro1rtfhkhugmfn9o', '::1', 1690259877, 0x5f5f63695f6c6173745f726567656e65726174657c693a313639303235393837373b),
('g8l5psnokblu2ms5jbtl7eoav4bbne64', '::1', 1689921993, 0x5f5f63695f6c6173745f726567656e65726174657c693a313638393932313939313b69645f70656e6767756e617c733a313a2231223b757365726e616d657c733a353a2261646d696e223b70617373776f72647c733a33323a223031393230323361376262643733323530353136663036396466313862353030223b68616b5f616b7365737c733a353a2261646d696e223b),
('gkjojp9mkoicsc7d1e55a6ieocpcr9ml', '::1', 1690259497, 0x5f5f63695f6c6173745f726567656e65726174657c693a313639303235393336343b),
('h12rmk7lu3mgtr9052p410nl897qt4i8', '::1', 1680996535, 0x5f5f63695f6c6173745f726567656e65726174657c693a313638303939363533353b69645f70656c616e6767616e7c733a313a2237223b757365726e616d657c733a343a2275736572223b70617373776f72647c733a33323a226565313163626231393035326534306230376161633063613036306332336565223b6e616d615f6c656e676b61707c733a343a2275736572223b6e6f5f746c707c733a31313a223039383031323339313233223b68616b5f616b7365737c733a393a2270656c616e6767616e223b),
('ieou1l22c1i6sff5s57a4t6cpcgtmakb', '::1', 1690264192, 0x5f5f63695f6c6173745f726567656e65726174657c693a313639303236343139323b),
('ihptgnvn2btr6lf92aro91l0161nm5av', '::1', 1690259623, 0x5f5f63695f6c6173745f726567656e65726174657c693a313639303235393632333b69645f70656c616e6767616e7c733a323a223130223b757365726e616d657c733a343a2273617361223b70617373776f72647c733a33323a223666303935313364626232323666396264333430323136623732666235643632223b6e616d615f6c656e676b61707c733a343a2273617361223b6e6f5f746c707c733a31323a22303831323334353637383930223b68616b5f616b7365737c733a393a2270656c616e6767616e223b),
('jaiuksal3qec56jcjv3nue7v75pi7e59', '::1', 1680995550, 0x5f5f63695f6c6173745f726567656e65726174657c693a313638303939353535303b69645f70656e6767756e617c733a313a2232223b757365726e616d657c733a343a2275736572223b68616b5f616b7365737c733a373a226d616e61676572223b6c6f676765645f696e7c623a313b69645f70656c616e6767616e7c733a313a2237223b70617373776f72647c733a33323a226565313163626231393035326534306230376161633063613036306332336565223b6e616d615f6c656e676b61707c733a343a2275736572223b6e6f5f746c707c733a31313a223039383031323339313233223b),
('jepf8g9kj5fuaak8oiv3t4ao8ghm7qr9', '::1', 1689908773, 0x5f5f63695f6c6173745f726567656e65726174657c693a313638393930383737333b69645f70656e6767756e617c733a313a2231223b757365726e616d657c733a353a2261646d696e223b70617373776f72647c733a33323a223031393230323361376262643733323530353136663036396466313862353030223b68616b5f616b7365737c733a353a2261646d696e223b),
('jjlvanhd2pfbds507587iveclqa986fm', '::1', 1690017337, 0x5f5f63695f6c6173745f726567656e65726174657c693a313639303031373333373b69645f70656e6767756e617c733a313a2231223b757365726e616d657c733a353a2261646d696e223b70617373776f72647c733a33323a223031393230323361376262643733323530353136663036396466313862353030223b68616b5f616b7365737c733a353a2261646d696e223b),
('jrhg88na6pisdi0mhs4gnolic484dc7k', '::1', 1690022573, 0x5f5f63695f6c6173745f726567656e65726174657c693a313639303032323537333b69645f70656e6767756e617c733a313a2231223b757365726e616d657c733a353a2261646d696e223b70617373776f72647c733a33323a223031393230323361376262643733323530353136663036396466313862353030223b68616b5f616b7365737c733a353a2261646d696e223b),
('ks9rc14sdd1nndcorn04vigp6dbs1dhh', '::1', 1690258500, 0x5f5f63695f6c6173745f726567656e65726174657c693a313639303235383530303b),
('lbhm9m9bh05l6vu4ofm4ri80dn8l3qfm', '::1', 1690264092, 0x5f5f63695f6c6173745f726567656e65726174657c693a313639303236343039323b69645f70656c616e6767616e7c733a323a223130223b757365726e616d657c733a343a2273617361223b70617373776f72647c733a33323a223666303935313364626232323666396264333430323136623732666235643632223b6e616d615f6c656e676b61707c733a343a2273617361223b6e6f5f746c707c733a31323a22303831323334353637383930223b68616b5f616b7365737c733a393a2270656c616e6767616e223b5f5f63695f766172737c613a313a7b733a31303a2270656d6261796172616e223b733a333a226f6c64223b7d),
('lt57l5b94ud5658o09o9ehuapdtsj75u', '::1', 1689908109, 0x5f5f63695f6c6173745f726567656e65726174657c693a313638393930383130393b69645f70656e6767756e617c733a313a2231223b757365726e616d657c733a353a2261646d696e223b70617373776f72647c733a33323a223031393230323361376262643733323530353136663036396466313862353030223b68616b5f616b7365737c733a353a2261646d696e223b),
('md5gvivjbkp0vd63ao4ltdnkf4vj3bm4', '::1', 1689910649, 0x5f5f63695f6c6173745f726567656e65726174657c693a313638393931303634393b69645f70656e6767756e617c733a313a2231223b757365726e616d657c733a353a2261646d696e223b70617373776f72647c733a33323a223031393230323361376262643733323530353136663036396466313862353030223b68616b5f616b7365737c733a353a2261646d696e223b),
('o6qkrokn4la0raslmr3cs8anc5mr0dvl', '::1', 1690016475, 0x5f5f63695f6c6173745f726567656e65726174657c693a313639303031363437353b69645f70656e6767756e617c733a313a2231223b757365726e616d657c733a353a2261646d696e223b70617373776f72647c733a33323a223031393230323361376262643733323530353136663036396466313862353030223b68616b5f616b7365737c733a353a2261646d696e223b),
('o80qg9tg5g30hp50khu2rt3em8n7v2li', '::1', 1689904420, 0x5f5f63695f6c6173745f726567656e65726174657c693a313638393930343432303b69645f70656e6767756e617c733a313a2231223b757365726e616d657c733a353a2261646d696e223b70617373776f72647c733a33323a223031393230323361376262643733323530353136663036396466313862353030223b68616b5f616b7365737c733a353a2261646d696e223b),
('ojegbf62t7fituuhi5a4htg7avo5j654', '::1', 1690024260, 0x5f5f63695f6c6173745f726567656e65726174657c693a313639303032343236303b69645f70656c616e6767616e7c733a323a223130223b757365726e616d657c733a343a2273617361223b70617373776f72647c733a33323a223666303935313364626232323666396264333430323136623732666235643632223b6e616d615f6c656e676b61707c733a343a2273617361223b6e6f5f746c707c733a31323a22303831323334353637383930223b68616b5f616b7365737c733a393a2270656c616e6767616e223b),
('pv8i0ifm5m92uqrqa519ardjrfbhni2f', '::1', 1690262582, 0x5f5f63695f6c6173745f726567656e65726174657c693a313639303236323330363b69645f70656e6767756e617c733a313a2231223b757365726e616d657c733a353a2261646d696e223b70617373776f72647c733a33323a223031393230323361376262643733323530353136663036396466313862353030223b68616b5f616b7365737c733a353a2261646d696e223b),
('rmkcdc4eafe43irlcbl4qi9tlqnjct8s', '::1', 1690021563, 0x5f5f63695f6c6173745f726567656e65726174657c693a313639303032313536333b69645f70656e6767756e617c733a313a2231223b757365726e616d657c733a353a2261646d696e223b70617373776f72647c733a33323a223031393230323361376262643733323530353136663036396466313862353030223b68616b5f616b7365737c733a353a2261646d696e223b),
('s5fog86psgpcpblchkct9cv6o6rt2r3b', '::1', 1690007833, 0x5f5f63695f6c6173745f726567656e65726174657c693a313639303030373833333b69645f70656e6767756e617c733a313a2231223b757365726e616d657c733a353a2261646d696e223b70617373776f72647c733a33323a223031393230323361376262643733323530353136663036396466313862353030223b68616b5f616b7365737c733a353a2261646d696e223b),
('sg373ceeoedv710fkjsoka0fasu7vlis', '::1', 1689903604, 0x5f5f63695f6c6173745f726567656e65726174657c693a313638393930333630343b69645f70656e6767756e617c733a313a2231223b757365726e616d657c733a353a2261646d696e223b70617373776f72647c733a33323a223031393230323361376262643733323530353136663036396466313862353030223b68616b5f616b7365737c733a353a2261646d696e223b),
('slcijbsjksj47u714uo0dgvoeqn02kmg', '::1', 1690024782, 0x5f5f63695f6c6173745f726567656e65726174657c693a313639303032343738323b69645f70656c616e6767616e7c733a323a223130223b757365726e616d657c733a343a2273617361223b70617373776f72647c733a33323a223666303935313364626232323666396264333430323136623732666235643632223b6e616d615f6c656e676b61707c733a343a2273617361223b6e6f5f746c707c733a31323a22303831323334353637383930223b68616b5f616b7365737c733a393a2270656c616e6767616e223b),
('sm5mcptf0023nr73nrh62od2tjpqlnnp', '::1', 1690023396, 0x5f5f63695f6c6173745f726567656e65726174657c693a313639303032333339363b69645f70656c616e6767616e7c733a323a223130223b757365726e616d657c733a343a2273617361223b70617373776f72647c733a33323a223666303935313364626232323666396264333430323136623732666235643632223b6e616d615f6c656e676b61707c733a343a2273617361223b6e6f5f746c707c733a31323a22303831323334353637383930223b68616b5f616b7365737c733a393a2270656c616e6767616e223b),
('u2c9luod7pg6aqu2af8bg86v59tt48cm', '::1', 1689907769, 0x5f5f63695f6c6173745f726567656e65726174657c693a313638393930373736393b69645f70656e6767756e617c733a313a2231223b757365726e616d657c733a353a2261646d696e223b70617373776f72647c733a33323a223031393230323361376262643733323530353136663036396466313862353030223b68616b5f616b7365737c733a353a2261646d696e223b),
('u2cdl84bt5giipk8rj5h1pl2lemg3pgf', '::1', 1690023741, 0x5f5f63695f6c6173745f726567656e65726174657c693a313639303032333734313b69645f70656c616e6767616e7c733a323a223130223b757365726e616d657c733a343a2273617361223b70617373776f72647c733a33323a223666303935313364626232323666396264333430323136623732666235643632223b6e616d615f6c656e676b61707c733a343a2273617361223b6e6f5f746c707c733a31323a22303831323334353637383930223b68616b5f616b7365737c733a393a2270656c616e6767616e223b),
('uif7gnq65sovo4ajq4uaqbk975s2c008', '::1', 1680997451, 0x5f5f63695f6c6173745f726567656e65726174657c693a313638303939373435313b69645f70656c616e6767616e7c733a313a2237223b757365726e616d657c733a343a2275736572223b70617373776f72647c733a33323a226565313163626231393035326534306230376161633063613036306332336565223b6e616d615f6c656e676b61707c733a343a2275736572223b6e6f5f746c707c733a31313a223039383031323339313233223b68616b5f616b7365737c733a393a2270656c616e6767616e223b),
('un1438kraeqqojt3tqb67ueb9n61u08p', '::1', 1690342297, 0x5f5f63695f6c6173745f726567656e65726174657c693a313639303334323230363b69645f70656c616e6767616e7c733a323a223131223b757365726e616d657c733a353a226469707379223b70617373776f72647c733a33323a223461623563666537356133653466663462333438643638636537613730666336223b6e616d615f6c656e676b61707c733a343a2247697461223b6e6f5f746c707c733a31323a22303831323334353637383930223b68616b5f616b7365737c733a393a2270656c616e6767616e223b),
('upekp0ps90aj2v4vjn76oqipop6cbbil', '::1', 1690263522, 0x5f5f63695f6c6173745f726567656e65726174657c693a313639303236333532323b69645f70656c616e6767616e7c733a323a223131223b757365726e616d657c733a353a226469707379223b70617373776f72647c733a33323a223461623563666537356133653466663462333438643638636537613730666336223b6e616d615f6c656e676b61707c733a343a2247697461223b6e6f5f746c707c733a31323a22303831323334353637383930223b68616b5f616b7365737c733a393a2270656c616e6767616e223b),
('virp8vdti70g8r5jq0cfil6gsglkdl48', '::1', 1690024782, 0x5f5f63695f6c6173745f726567656e65726174657c693a313639303032343738323b69645f70656c616e6767616e7c733a323a223130223b757365726e616d657c733a343a2273617361223b70617373776f72647c733a33323a223666303935313364626232323666396264333430323136623732666235643632223b6e616d615f6c656e676b61707c733a343a2273617361223b6e6f5f746c707c733a31323a22303831323334353637383930223b68616b5f616b7365737c733a393a2270656c616e6767616e223b);

-- --------------------------------------------------------

--
-- Struktur dari tabel `t_bukti`
--

CREATE TABLE `t_bukti` (
  `id_bukti` varchar(10) NOT NULL,
  `id_sewa` varchar(10) NOT NULL,
  `tgl_bayar` datetime NOT NULL,
  `bayar` varchar(10) NOT NULL,
  `tot_biaya` varchar(10) NOT NULL,
  `bukti` varchar(255) NOT NULL,
  `status` enum('DP','LUNAS') NOT NULL
) ENGINE=InnoDB DEFAULT CHARSET=utf8mb4;

--
-- Dumping data untuk tabel `t_bukti`
--

INSERT INTO `t_bukti` (`id_bukti`, `id_sewa`, `tgl_bayar`, `bayar`, `tot_biaya`, `bukti`, `status`) VALUES
('KM00001', 'RA300001', '2023-04-07 21:40:45', '85000', '85000', '1680896445.png', 'LUNAS'),
('KM00002', 'RA200001', '2023-04-08 17:51:51', '50000', '85000', '1680969111.png', 'DP'),
('KM00003', 'RA100001', '2023-04-08 18:30:17', '85000', '85000', '1680971417right-arrow.png', 'LUNAS'),
('KM00004', 'RA100002', '2023-07-21 03:33:58', '50000', '85000', '1689903238aa.PNG', 'DP'),
('KM00005', 'RA1100001', '2023-07-25 06:36:08', '150000', '150000', '1690259768DSC04305.JPG', 'LUNAS'),
('KM00006', 'RA1200001', '2023-07-25 07:40:11', '50000', '150000', '1690263611LapanganFutsal_Vinyl.jpg', 'DP'),
('KM00007', 'RA1200002', '2023-07-25 07:41:06', '150000', '150000', '1690263666LapanganFutsal_Vinyl.jpg', 'LUNAS');

-- --------------------------------------------------------

--
-- Struktur dari tabel `t_jam`
--

CREATE TABLE `t_jam` (
  `id_jam` int(10) NOT NULL,
  `jam` varchar(255) NOT NULL,
  `harga` varchar(100) NOT NULL
) ENGINE=InnoDB DEFAULT CHARSET=latin1;

--
-- Dumping data untuk tabel `t_jam`
--

INSERT INTO `t_jam` (`id_jam`, `jam`, `harga`) VALUES
(1, '09.00 - 10.00\r\n', '85000'),
(2, '10.00 - 11.00\r\n', '85000'),
(3, '11.00 - 12.00', '85000'),
(4, '12.00 - 13.00', '100000'),
(5, '13.00 - 14.00', '100000'),
(6, '14.00 - 15.00', '100000'),
(7, '15.00 - 16.00', '120000'),
(8, '16.00 - 17.00', '120000'),
(9, '17.00 - 18.00', '150000'),
(10, '18.00 - 19.00', '150000'),
(11, '19.00 - 20.00', '150000'),
(12, '20.00 - 21.00', '150000'),
(13, '21.00 - 22.00', '150000'),
(14, '22.00 - 23.00', '150000'),
(15, '23.00 - 24.00', '150000');

-- --------------------------------------------------------

--
-- Struktur dari tabel `t_lapangan`
--

CREATE TABLE `t_lapangan` (
  `id_lapangan` varchar(1) NOT NULL,
  `nm_lapangan` varchar(15) NOT NULL,
  `foto` varchar(255) NOT NULL
) ENGINE=InnoDB DEFAULT CHARSET=utf8mb4;

--
-- Dumping data untuk tabel `t_lapangan`
--

INSERT INTO `t_lapangan` (`id_lapangan`, `nm_lapangan`, `foto`) VALUES
('A', 'Lapangan 1', '1689920104WhatsApp_Image_2023-07-03_at_09_04_42.jpg'),
('B', 'Lapangan 2', '1689920114WhatsApp_Image_2023-07-03_at_09_04_43.jpg');

-- --------------------------------------------------------

--
-- Struktur dari tabel `t_pelanggan`
--

CREATE TABLE `t_pelanggan` (
  `id_pelanggan` int(8) NOT NULL,
  `username` varchar(255) NOT NULL,
  `nama_lengkap` varchar(50) NOT NULL,
  `no_tlp` varchar(13) NOT NULL,
  `password` varchar(255) NOT NULL,
  `hak_akses` enum('pelanggan') NOT NULL
) ENGINE=InnoDB DEFAULT CHARSET=utf8mb4;

--
-- Dumping data untuk tabel `t_pelanggan`
--

INSERT INTO `t_pelanggan` (`id_pelanggan`, `username`, `nama_lengkap`, `no_tlp`, `password`, `hak_akses`) VALUES
(7, 'user', 'user', '09801239123', 'ee11cbb19052e40b07aac0ca060c23ee', 'pelanggan'),
(10, 'sasa', 'sasa', '081234567890', '6f09513dbb226f9bd340216b72fb5d62', 'pelanggan'),
(11, 'dipsy', 'Gita', '081234567890', '4ab5cfe75a3e4ff4b348d68ce7a70fc6', 'pelanggan'),
(12, 'gita', 'Gita', '081234567890', '39ffc7f8a25f8c55be3dd42ab7025d89', 'pelanggan');

-- --------------------------------------------------------

--
-- Struktur dari tabel `t_pengguna`
--

CREATE TABLE `t_pengguna` (
  `id_pengguna` int(5) NOT NULL,
  `username` varchar(100) NOT NULL,
  `password` varchar(255) NOT NULL,
  `hak_akses` enum('admin','manager') NOT NULL
) ENGINE=InnoDB DEFAULT CHARSET=utf8mb4;

--
-- Dumping data untuk tabel `t_pengguna`
--

INSERT INTO `t_pengguna` (`id_pengguna`, `username`, `password`, `hak_akses`) VALUES
(1, 'admin', '0192023a7bbd73250516f069df18b500', 'admin'),
(2, 'manager', '0795151defba7a4b5dfa89170de46277', 'manager');

-- --------------------------------------------------------

--
-- Struktur dari tabel `t_sewa`
--

CREATE TABLE `t_sewa` (
  `id_sewa` varchar(10) NOT NULL,
  `id_pelanggan` int(8) NOT NULL,
  `id_lapangan` varchar(15) NOT NULL,
  `tanggal` date NOT NULL,
  `id_jam` int(10) NOT NULL,
  `status` enum('Belum Main','Sudah Main','Tidak Main') NOT NULL
) ENGINE=InnoDB DEFAULT CHARSET=utf8mb4;

--
-- Dumping data untuk tabel `t_sewa`
--

INSERT INTO `t_sewa` (`id_sewa`, `id_pelanggan`, `id_lapangan`, `tanggal`, `id_jam`, `status`) VALUES
('RA100001', 7, 'A', '2023-04-08', 1, 'Sudah Main'),
('RA100002', 10, 'A', '2023-07-21', 1, 'Belum Main'),
('RA1100001', 10, 'A', '2023-07-25', 11, 'Sudah Main'),
('RA1200001', 11, 'A', '2023-07-25', 12, 'Belum Main'),
('RA1200002', 10, 'A', '2023-07-26', 12, 'Sudah Main'),
('RA200001', 7, 'A', '2023-04-08', 2, 'Tidak Main'),
('RA300001', 7, 'A', '2023-04-08', 3, 'Sudah Main');

--
-- Indexes for dumped tables
--

--
-- Indeks untuk tabel `ci_sessions`
--
ALTER TABLE `ci_sessions`
  ADD PRIMARY KEY (`id`),
  ADD KEY `ci_sessions_timestamp` (`timestamp`);

--
-- Indeks untuk tabel `t_bukti`
--
ALTER TABLE `t_bukti`
  ADD PRIMARY KEY (`id_bukti`);

--
-- Indeks untuk tabel `t_jam`
--
ALTER TABLE `t_jam`
  ADD PRIMARY KEY (`id_jam`);

--
-- Indeks untuk tabel `t_lapangan`
--
ALTER TABLE `t_lapangan`
  ADD PRIMARY KEY (`id_lapangan`);

--
-- Indeks untuk tabel `t_pelanggan`
--
ALTER TABLE `t_pelanggan`
  ADD PRIMARY KEY (`id_pelanggan`);

--
-- Indeks untuk tabel `t_pengguna`
--
ALTER TABLE `t_pengguna`
  ADD PRIMARY KEY (`id_pengguna`);

--
-- Indeks untuk tabel `t_sewa`
--
ALTER TABLE `t_sewa`
  ADD PRIMARY KEY (`id_sewa`);

--
-- AUTO_INCREMENT untuk tabel yang dibuang
--

--
-- AUTO_INCREMENT untuk tabel `t_jam`
--
ALTER TABLE `t_jam`
  MODIFY `id_jam` int(10) NOT NULL AUTO_INCREMENT, AUTO_INCREMENT=16;

--
-- AUTO_INCREMENT untuk tabel `t_pelanggan`
--
ALTER TABLE `t_pelanggan`
  MODIFY `id_pelanggan` int(8) NOT NULL AUTO_INCREMENT, AUTO_INCREMENT=13;

--
-- AUTO_INCREMENT untuk tabel `t_pengguna`
--
ALTER TABLE `t_pengguna`
  MODIFY `id_pengguna` int(5) NOT NULL AUTO_INCREMENT, AUTO_INCREMENT=3;
COMMIT;

/*!40101 SET CHARACTER_SET_CLIENT=@OLD_CHARACTER_SET_CLIENT */;
/*!40101 SET CHARACTER_SET_RESULTS=@OLD_CHARACTER_SET_RESULTS */;
/*!40101 SET COLLATION_CONNECTION=@OLD_COLLATION_CONNECTION */;
